{"cameraMode":{"drawMode":0,"name":"Shaded","section":"Shading Mode"},"sceneLighting":false,"audioPlay":false,"sceneViewState":{"m_AlwaysRefresh":false,"showFog":true,"showSkybox":false,"showFlares":true,"showImageEffects":true,"showParticleSystems":true,"showVisualEffectGraphs":true,"m_FxEnabled":true},"in2DMode":false,"pivot":{"x":-3.799999713897705,"y":20.007850646972658,"z":19.899999618530275},"rotation":{"x":0.03440145030617714,"y":0.8858790993690491,"z":-0.4578256607055664,"w":0.06656579673290253},"size":0.3762243986129761,"orthographic":false}